doc_id,format,n_units,n_words,qc_status,qc_flags,qc_notes,top_terms
D01,PyMuPDF 1.28.2,1,4278,pass,,dictionary_ratio=0.95; depression=17.3/1k; medication=13.3/1k,"features, key, avoids, delivered, sessions, consists, therapy-specific, competence, focuses, current"
D02,PyMuPDF 1.28.2,2,3029,flag,citation_dense(42),dictionary_ratio=0.92; anxiety=12.5/1k,"panic, discontinuation, gad, step, amended, appropriate, offered, referral, withdrawal, dose"
D03,PyMuPDF 1.28.2,1,1582,pass,,dictionary_ratio=0.94; self_harm=25.3/1k; suicide=1.9/1k,"self-harm, self-harmed, committee, staff, minimisation, aftercare, evidence, section, strategies, details"
D04,PyMuPDF 1.28.2,2,6813,pass,,dictionary_ratio=0.90; anxiety=12.2/1k; depression=12.5/1k,"interventions, psychological, evidence, rcts, recommendation, adults, gad, panic, depressive, anx"
D06,BeautifulSoup (lxml),1,1197,pass,,dictionary_ratio=0.92; depression=50.1/1k,"depressive, depression, women, among, episode, estimated, affected, manual, psychological, gone"
D07,PyMuPDF 1.28.2,1,2601,pass,,dictionary_ratio=0.94; depression=31.5/1k,"stimulation, products, brain, depression, symptoms, depressed, medications, medication, men, depressive"
D08,PyMuPDF 1.28.2,1,1961,pass,,dictionary_ratio=0.93; anxiety=20.9/1k,"gad, generalized, buspirone, anxiety, learn, anti-anxiety, worry, medications, trouble, provider"
D09,PyMuPDF 1.28.2,1,2162,flag,image_heavy_pages_text_may_be_missing([1]),dictionary_ratio=0.89; trauma=35.6/1k,"ptsd, event, traumatic, gov, trauma, nimh, www, nih, symptoms, medications"
D10,PyMuPDF 1.28.2,1,1497,flag,image_heavy_pages_text_may_be_missing([1]),dictionary_ratio=0.92; eating=50.8/1k,"nervosa, eating, anorexia, binge, binge-eating, arfid, weight, bulimia, food, gov"
D11,PyMuPDF 1.28.2,1,1827,pass,,dictionary_ratio=0.93; suicide=42.1/1k,"suicide, nimh, gov, warning, suicidal, nih, www, dbt, attempts, lifeline"
D12,BeautifulSoup (lxml),1,967,pass,,dictionary_ratio=0.99; self_esteem=22.8/1k,"self-esteem, ourselves, tend, write, yourself, say, negative, things, confidence, challenges"
D13,BeautifulSoup (lxml),1,892,pass,,dictionary_ratio=0.95; loneliness=20.2/1k,"loneliness, lonely, things, try, cinema, spending, local, find, nhs, mind"
D14,BeautifulSoup (lxml),1,1441,pass,,dictionary_ratio=0.88; medication=61.1/1k,"antidepressants, side, doctor, coming, effects, antidepressant, withdrawal, check, medicine, noradrenaline"
D16,PyMuPDF 1.28.2,1,890,pass,,dictionary_ratio=0.94; stress=34.8/1k,"nimh, sheet, so-stressed-out-fact-sheet, fact, stressed, anxiety, publications, national, institute, nih"
D17,BeautifulSoup (lxml),1,1154,pass,,dictionary_ratio=0.98; sleep=58.9/1k,"sleep, night, wake, asleep, bedroom, bed, fall, insomnia, day, routine"
D20,PyMuPDF 1.28.2,0,0,reject,REJECT:too_short(0w); topic_not_found(crisis_services),,
D24,PyMuPDF 1.28.2,1,2686,pass,,dictionary_ratio=0.91; substance_use=17.9/1k,"interventions, psychosocial, certainty, dependence, baclofen, digital, combined, acamprosate, disulfiram, pharmacological"
D25,PyMuPDF 1.28.2,1,6320,pass,,dictionary_ratio=0.91; substance_use=17.1/1k,"certainty, abstinence, interventions, dependence, stimulant, compared, longest, cannabis, drug, use"
