doc_id,title,organization,org_type,jurisdiction,reference_number,document_type,evidence_layer,audience,topics,risk_tiers,format,raw_filename,source_url,landing_page_url,retrieval_date,publication_date,last_updated_date,verification_status,sections_included,license_note,status,core_or_optional,notes
D01,Depression in adults: treatment and management,NICE,national_guideline_body,UK,NG222,guideline_section,A,professional,depression;medication,everyday;treatment,pdf,D01__nice__ng222-depression.pdf,,https://www.nice.org.uk/guidance/ng222,,2022-06-29,2024-05,verified,toc: Treatment for a new episode of less severe depression; Treatment for a new episode of more severe depression,"(c) NICE; academic use, do not redistribute",active,core,"Download PDF from the NICE page itself, not mirrors"
D02,Generalised anxiety disorder and panic disorder in adults: management,NICE,national_guideline_body,UK,CG113,guideline_section,A,professional,anxiety,everyday;treatment,pdf,D02__nice__cg113-anxiety.pdf,,https://www.nice.org.uk/guidance/cg113,,2011-01-26,2020-06-15,verified,toc: Principles of care for people with generalised anxiety disorder; Stepped care for people with panic disorder,"(c) NICE; academic use, do not redistribute",active,core,
D03,"Self-harm: assessment, management and preventing recurrence",NICE,national_guideline_body,UK,NG225,guideline_section,A,professional,self_harm;suicide,crisis,pdf,D03__nice__ng225-self-harm.pdf,,https://www.nice.org.uk/guidance/ng225,,,,verified,toc: Initial aftercare after an episode of self-harm; Interventions for self-harm; Supporting people to be safe after self-harm,"(c) NICE; academic use, do not redistribute",active,core,Fill dates from the document itself
D04,"mhGAP guideline for mental, neurological and substance use disorders (3rd ed.)",WHO,intergovernmental,global,ISBN 9789240084278,guideline_section,A,professional,anxiety;depression,everyday;treatment,pdf,D04__who__mhgap-guideline-2023.pdf,,https://www.who.int/publications/i/item/9789240084278,,2023-11-20,,verified,"pages: 50-59, 90-95",CC BY-NC-SA 3.0 IGO (stated on the PDF copyright page),active,core,"184 pages, no PDF bookmarks. Kept module 3.2 Anxiety (pp.50-59) and 3.6 Depression (pp.90-95); page numbers are PDF page indices. Other modules used as D24, D25."
D05,mhGAP Intervention Guide version 2.0,WHO,intergovernmental,global,ISBN 9789241549790,guideline_section,A,professional,self_harm;suicide,crisis,pdf,D05__who__mhgap-ig-2.pdf,,https://www.who.int/publications/i/item/9789241549790,,2016,,verified,TODO: run 'outline D05' and choose the self-harm/suicide module,Check licence statement on the PDF,deferred,core,"Deferred 2026-10-04: raw file not obtained before deadline; student chose to use extra D04 modules instead (D24, D25). ID retired until re-added."
D06,Depressive disorder (depression) fact sheet,WHO,intergovernmental,global,,fact_sheet,B,public,depression,everyday;treatment,html,D06__who__fact-sheet-depression.html,https://www.who.int/news-room/fact-sheets/detail/depression,https://www.who.int/news-room/fact-sheets/detail/depression,,,,verified,all,(c) WHO; WHO copyright policy permits non-commercial reuse with acknowledgement,active,core,Copies exist on other portals: use who.int only (near-duplicate check)
D07,Depression,NIMH,government_agency,US,NIH Publication No. 24-MH-8079,public_information,B,public,depression,everyday;treatment,pdf,D07__nimh__depression.pdf,https://www.nimh.nih.gov/health/publications/depression,https://www.nimh.nih.gov/health/publications,,,2024,verified,all,Public domain (US federal; NIMH reuse statement printed in the PDF; images excluded). Cite NIMH as source,active,core,Revised 2024 (stated in PDF)
D08,Generalized Anxiety Disorder: What You Need to Know,NIMH,government_agency,US,,public_information,B,public,anxiety,everyday,pdf,D08__nimh__gad.pdf,https://www.nimh.nih.gov/health/publications/generalized-anxiety-disorder-gad,https://www.nimh.nih.gov/health/publications,,,2025,verified,all,Public domain (US federal; NIMH reuse statement printed in the PDF; images excluded). Cite NIMH as source,active,core,Revised 2025 (stated in PDF); URL printed in the PDF
D09,Post-Traumatic Stress Disorder,NIMH,government_agency,US,NIH Publication No. 23-MH-8124,public_information,B,public,trauma,everyday;treatment,pdf,D09__nimh__ptsd.pdf,https://www.nimh.nih.gov/health/publications/post-traumatic-stress-disorder-ptsd,https://www.nimh.nih.gov/health/publications,,,2023,verified,all,Public domain (US federal; NIMH reuse statement printed in the PDF; images excluded). Cite NIMH as source,active,core,Revised 2023 (stated in PDF); URL confirmed on nimh.nih.gov 2026-10-04
D10,Eating Disorders: What You Need to Know,NIMH,government_agency,US,NIH Publication No. 24-MH-4901,public_information,B,public,eating,treatment,pdf,D10__nimh__eating-disorders.pdf,https://www.nimh.nih.gov/health/publications/eating-disorders,https://www.nimh.nih.gov/health/publications,,,2024,verified,all,Public domain (US federal; NIMH reuse statement printed in the PDF; images excluded). Cite NIMH as source,active,core,Revised 2024 (stated in PDF); URL confirmed on nimh.nih.gov 2026-10-04
D11,Frequently Asked Questions About Suicide,NIMH,government_agency,US,NIH Publication No. 23-MH-6389,public_information,B,public,suicide,crisis,pdf,D11__nimh__suicide.pdf,https://www.nimh.nih.gov/health/publications/suicide-faq,https://www.nimh.nih.gov/health/publications/suicide-faq,,,2023,verified,all,Public domain (US federal; NIMH reuse statement printed in the PDF; images excluded). Cite NIMH as source,active,core,Was listed as 'Suicide prevention (brochure)'; actual file is the FAQ. Revised 2023. URL confirmed on nimh.nih.gov 2026-10-04
D12,Raising low self-esteem,NHS,national_health_service,UK,,public_information,B,public,self_esteem,everyday,html,D12__nhs__self-esteem.html,https://nhs.uk/mental-health/self-help/tips-and-support/raise-low-self-esteem/,https://nhs.uk/mental-health/self-help/tips-and-support/raise-low-self-esteem/,,,2023-04-11,verified,all,"Open Government Licence (current version), per nhs.uk terms and conditions; attribute 'Information from the NHS website'",active,core,Old /conditions/ URL has moved
D13,Get help with loneliness,NHS,national_health_service,UK,,public_information,B,public,loneliness,everyday,html,D13__nhs__loneliness.html,https://www.nhs.uk/mental-health/feelings-symptoms-behaviours/feelings-and-symptoms/feeling-lonely/,https://www.nhs.uk/mental-health/feelings-symptoms-behaviours/feelings-and-symptoms/feeling-lonely/,,,2026-07-22,verified,all,"Open Government Licence (current version), per nhs.uk terms and conditions; attribute 'Information from the NHS website'",active,core,URL = canonical link inside the saved page
D14,Antidepressants (incl. stopping or coming off antidepressants),NHS,national_health_service,UK,,public_information,B,public,medication,treatment,html,D14__nhs__stopping-antidepressants.html,https://www.nhs.uk/medicines/antidepressants/,https://www.nhs.uk/medicines/antidepressants/,,,2025-06-12,verified,all,"Open Government Licence (current version), per nhs.uk terms and conditions; attribute 'Information from the NHS website'",active,core,"Saved file is the whole NHS Antidepressants page; 'Stopping or coming off' is one section of it. Whole page kept (side effects, alcohol interactions also relevant)."
D15,Sertraline,MedlinePlus (US NLM),government_agency,US,a697048,drug_information,B,public,medication,treatment,html,D15__medlineplus__sertraline.html,https://medlineplus.gov/druginfo/meds/a697048.html,https://medlineplus.gov/druginfo/meds/a697048.html,,,,verified,whole page,AHFS licensed content: do not redistribute,deferred,core,Deferred 2026-10-04 (time); licensed AHFS content. ID retired until re-added.
D16,I'm So Stressed Out! Fact Sheet,NIMH,government_agency,US,NIH Publication No. 20-MH-8125,fact_sheet,B,public,stress,everyday,pdf,D16__nimh__stressed-out.pdf,https://www.nimh.nih.gov/health/publications/so-stressed-out-fact-sheet,https://www.nimh.nih.gov/health/publications/so-stressed-out-fact-sheet,,,,verified,all,Public domain (US federal; NIMH reuse statement printed in the PDF; images excluded). Cite NIMH as source,active,core,"Replaces WHO 'Doing What Matters' (not used). 3 pages, so no sectioning. URL printed in the PDF"
D17,Sleep problems (Every Mind Matters),NHS,national_health_service,UK,,public_information,B,public,sleep,everyday,html,D17__nhs__sleep.html,https://www.nhs.uk/every-mind-matters/mental-health-issues/sleep/,https://www.nhs.uk/every-mind-matters/mental-health-issues/sleep/,,,,verified,all,"Open Government Licence (current version), per nhs.uk terms and conditions; attribute 'Information from the NHS website'",active,core,URL = canonical link inside the saved page
D18,Grief and bereavement,NHS (or other official source),national_health_service,UK,,public_information,B,public,grief,everyday,html,D18__nhs__grief.html,,,,,,to_verify,whole page,TODO: check terms on download,deferred,core,Deferred 2026-10-04: no official source confirmed; recorded as coverage gap (grief).
D19,988 Frequently Asked Questions,SAMHSA,government_agency,US,,crisis_resource,C,public,crisis_services;suicide,crisis,html,D19__samhsa__988-faq.html,https://www.samhsa.gov/mental-health/988/faqs,https://www.samhsa.gov/mental-health/988/faqs,,,,verified,all,US federal page: check terms,deferred,core,"Deferred 2026-10-04: raw file not obtained before deadline. Crisis layer C now rests on D20 (plus 988 mentions inside D11, D16). ID retired until re-added."
D20,Tele-MANAS: National Tele Mental Health Programme,"MoHFW, Government of India",government_agency,India,,crisis_resource,C,public,crisis_services,crisis,pdf,D20__mohfw__tele-manas.pdf,,https://telemanas.mohfw.gov.in/home,,,,verified,all,Check site terms,active,core,File was a PDF saved with .html extension (renamed 2026-10-04). PDF is image-only: needs OCR or a text source.
D21,Alcohol support,NHS,national_health_service,UK,,public_information,B,public,substance_use,everyday;treatment,html,D21__nhs__alcohol-support.html,,,,,,to_verify,whole page,TODO: check terms on download,deferred,optional,
D22,CG113 treatment manuals for CBT and applied relaxation,NICE,national_guideline_body,UK,CG113,guideline_section,A,professional,anxiety,treatment,docx,D22__nice__cg113-treatment-manuals.docx,,https://www.nice.org.uk/guidance/cg113/resources,,2011-03-22,,verified,whole file,(c) NICE,deferred,optional,Real official DOCX for format diversity; may fail min-length QC
D23,Crisis resources table (compiled),derived,derived,multi,,crisis_resource,C,public,crisis_services,crisis,csv,D23__derived__crisis-resources.csv,,,,,,to_verify,whole file,Each row cites its official source URL,deferred,optional,Build only from official pages; one row per service
D24,mhGAP guideline 2023: Alcohol use disorders (ALC) module,WHO,intergovernmental,global,ISBN 9789240084278,guideline_section,A,professional,substance_use,everyday;treatment,pdf,D24__who__mhgap-2023-alcohol.pdf,,https://www.who.int/publications/i/item/9789240084278,,2023-11-20,,verified,pages: 44-49,CC BY-NC-SA 3.0 IGO (stated on the PDF copyright page),active,core,Section 3.1 of the D04 PDF (byte-identical copy). Fills the substance-use coverage gap.
D25,mhGAP guideline 2023: Drug use disorders (DRU) module,WHO,intergovernmental,global,ISBN 9789240084278,guideline_section,A,professional,substance_use,everyday;treatment,pdf,D25__who__mhgap-2023-drug-use.pdf,,https://www.who.int/publications/i/item/9789240084278,,2023-11-20,,verified,pages: 96-107,CC BY-NC-SA 3.0 IGO (stated on the PDF copyright page),active,core,Section 3.7 of the D04 PDF (byte-identical copy). Fills the substance-use coverage gap.
