Doc,Sentence,Noun phrases only,Verb phrases
D06,Seek care if you have symptoms of depression.,care | symptoms | depression,seek care | have symptoms of depression
D06,"Antidepressant medicines should not be used for treating depression in children and are not the first line of treatment in adolescents, among whom they should be used with extra caution.",antidepressant medicines | depression | children | first line | treatment | adolescents | extra caution,not used for treating depression in children | treating depression in children | used among whom with extra caution
D07,"Because men may be less likely to recognize, talk about, and seek help for their negative feelings, they are at greater risk of their depression symptoms being undiagnosed and undertreated.",men | help | negative feelings | greater risk | depression symptoms,recognize | talk about | seek help for their negative feelings
D07,"Physical aches or pains, headaches, cramps, or digestive problems without a clear physical cause that do not go away with treatment",physical aches | pains | headaches | cramps | digestive problems | clear physical cause | treatment,not go with treatment
D08,"While occasional stress and anxiety are normal, they shouldn't control your life.",occasional stress | anxiety | life,not control your life
D08,"If you think you're experiencing symptoms of GAD, talk to a health care provider, such as a primary care doctor, psychiatrist, psychologist, or clinical social worker.",symptoms | gad | health care provider | primary care doctor | psychiatrist | psychologist | clinical social worker,"think | experiencing symptoms of gad | talk to a health care provider , such as a primary care doctor , psychiatrist , psychologist , or clinical social worker"
D09,"Fear is a part of the body's ""fight-or-flight"" response, which helps us avoid or respond to potential danger.","fear | part | body 's "" fight-or-flight "" response | potential danger",helps | avoid | respond to potential danger
D09,"For example, some people may avoid driving or riding in a car after a serious car accident.",example | people | car | serious car accident,avoid for example driving or riding in a car after a serious car accident | driving | riding in a car
D10,Anorexia nervosa: People with anorexia nervosa severely avoid or restrict food intake due to a distorted self-image or an intense fear of gaining weight.,anorexia nervosa | people | anorexia nervosa | food intake | distorted self-image | intense fear | weight,avoid | restrict food intake due to a distorted self-image or an intense fear of gaining weight | gaining weight
D10,People exhibiting any combination of these symptoms may have an eating disorder and should talk to a health care provider.,people | combination | symptoms | eating disorder | health care provider,exhibiting any combination of these symptoms | have an eating disorder | eating | talk to a health care provider
D11,Call or text the 988 Suicide & Crisis Lifeline at 988 or chat at,988 suicide & crisis lifeline,call | text the 988 suicide & crisis lifeline at 988 | chat at
D11,Call 911 in life-threatening situations.,life-threatening situations,call 911 in life-threatening situations
D12,We all have times when we lack confidence and do not feel good about ourselves.,times | confidence,have times | lack confidence | not feel
D12,"If you have low self-esteem or confidence, you may hide yourself away from social situations, stop trying new things, and avoid things you find challenging.",confidence | social situations | new things | things,have low self-esteem or confidence | hide yourself | stop trying new things | trying new things | avoid things you find | find
D13,do not try to do everything at once – set small targets that you can easily achieve,small targets,not try to do everything at once | do everything at once | set small targets that you can easily achieve | achieve that
D13,do not focus on the things you cannot change – focus your time and energy into helping yourself feel better,things | time | energy,not focus on the things you can not change | not change | focus your time and energy into helping yourself feel better | helping | feel
D14,"If you're finding side effects hard to manage or do not feel your medicine is helping you, talk to your doctor.",side effects | medicine | doctor,finding side effects hard to manage or do not feel your medicine is helping you | manage | not feel | helping you | talk to your doctor
D14,Talk to your doctor if you're finding side effects hard to manage.,doctor | side effects,talk to your doctor | finding side effects hard to manage | manage
D16,"So, how do you know when to seek help?",help,know when to seek help | seek help
D16,Cause you to avoid doing things.,things,cause | avoid doing things | doing things
D17,"However, if you regularly do not get enough sleep, you may feel tired, irritable or less able to cope.",enough sleep,not get enough sleep | feel | cope
D17,"The NHS recommends that you don't smoke or drink alcohol, tea or coffee at least 6 hours before going to bed.",nhs | alcohol | tea | coffee | bed,"recommends | not smoke | drink alcohol , tea or coffee at least 6 hours before going to bed | going to bed"
