Doc,Title,Top noun phrases
D01,Depression in adults: treatment and managemen,people (56) | treatment (41) | depression (38) | other things (30) | medication (23) | person (22)
D02,Generalised anxiety disorder and panic disord,people (27) | panic disorder (19) | treatment (18) | person (13) | cbt (11) | gad (10)
D03,"Self-harm: assessment, management and prevent",people (15) | person (14) | care (9) | recommendations (6) | staff (6) | carers (5)
D04,"mhGAP guideline for mental, neurological and ",adults (64) | psychological interventions (40) | evidence (27) | anxiety disorders (26) | recommendation (25) | panic disorder (24)
D06,Depressive disorder (depression) fact sheet,depression (35) | people (6) | antidepressant medicines (5) | men (4) | suicide (4) | women (4)
D07,Depression,depression (37) | people (18) | symptoms (17) | person (11) | health care provider (9) | medication (9)
D08,Generalized Anxiety Disorder: What You Need t,gad (28) | people (14) | anxiety (12) | symptoms (8) | time (8) | health care provider (7)
D09,Post-Traumatic Stress Disorder,ptsd (32) | people (27) | symptoms (21) | traumatic event (8) | trauma (7) | others (6)
D10,Eating Disorders: What You Need to Know,people (21) | disorders (13) | symptoms (13) | signs (9) | anorexia nervosa (9) | eating disorders (7)
D11,Frequently Asked Questions About Suicide,suicide (32) | people (12) | risk (8) | suicidal thoughts (7) | help (7) | warning signs (6)
D12,Raising low self-esteem,low self-esteem (4) | people (4) | things (4) | times (3) | self-esteem (3) | life (3)
D13,Get help with loneliness,things (8) | loneliness (7) | people (5) | help (4) | support (3) | example (3)
D14,Antidepressants (incl. stopping or coming off,antidepressants (29) | side effects (13) | doctor (12) | medicine (9) | antidepressant (7) | people (7)
D16,I'm So Stressed Out! Fact Sheet,stress (17) | anxiety (11) | mental health (6) | nimh (4) | life (3) | time (3)
D17,Sleep problems (Every Mind Matters),sleep (10) | day (9) | sleep problems (8) | enough sleep (7) | night (5) | insomnia (5)
D24,mhGAP guideline 2023: Alcohol use disorders (,treatment (23) | alcohol dependence (17) | adults (16) | psychosocial interventions (15) | studies (11) | high certainty (10)
D25,mhGAP guideline 2023: Drug use disorders (DRU,treatment (70) | adults (32) | very low certainty (29) | people (27) | effect (24) | drug use disorders (24)
