sent_id,position,token,nltk,spacy,gold,review
0,0,Psychotherapy,NNP,NNP,NNP,
0,1,can,MD,MD,MD,
0,2,provide,VB,VB,VB,
0,3,support,NN,NN,NN,
0,4,",",",",",",",",
0,5,education,NN,NN,NN,
0,6,",",",",",",",",
0,7,and,CC,CC,CC,
0,8,guidance,NN,NN,NN,
0,9,to,TO,IN,,YES
0,10,people,NNS,NNS,NNS,
0,11,with,IN,IN,IN,
0,12,PTSD,NNP,NNP,,YES
0,13,and,CC,CC,CC,
0,14,their,PRP$,PRP$,PRP$,
0,15,families,NNS,NNS,NNS,
0,16,.,.,.,.,
1,0,Are,NNP,VBP,,YES
1,1,there,RB,EX,,YES
1,2,clinical,JJ,JJ,JJ,
1,3,trials,NNS,NNS,NNS,
1,4,studying,VBG,VBG,VBG,
1,5,PTSD,NNP,NN,,YES
1,6,?,.,.,.,
2,0,Specific,JJ,JJ,JJ,
2,1,types,NNS,NNS,NNS,
2,2,of,IN,IN,IN,
2,3,antidepressants,NNS,NNS,NNS,
2,4,selected,VBN,VBN,VBN,
2,5,should,MD,MD,MD,
2,6,carefully,RB,RB,RB,
2,7,consider,VB,VB,VB,
2,8,factors,NNS,NNS,NNS,
2,9,such,JJ,JJ,JJ,
2,10,as,IN,IN,IN,
2,11,demographic,JJ,JJ,JJ,
2,12,characteristics,NNS,NNS,NNS,
2,13,(,(,(,(,
2,14,e.g.,VB,RB,,YES
3,0,Service,NNP,NN,,YES
3,1,providers,NNS,NNS,NNS,
3,2,should,MD,MD,MD,
3,3,assess,VB,VB,VB,
3,4,psychosocial,JJ,JJ,JJ,
3,5,stressors,NNS,NNS,NNS,
3,6,(,(,(,(,
3,7,e.g.,VB,RB,,YES
4,0,To,TO,TO,TO,
4,1,learn,VB,VB,VB,
4,2,more,JJR,JJR,JJR,
4,3,",",",",",",",",
4,4,visit,IN,VB,,YES
4,5,the,DT,DT,DT,
4,6,988,CD,CD,CD,
4,7,Suicide,NNP,NNP,NNP,
4,8,&,CC,CC,CC,
4,9,Crisis,NNP,NNP,NNP,
4,10,Lifeline's,NNP,NNP,NNP,
4,11,webpage,NN,NN,NN,
4,12,about,IN,IN,IN,
4,13,safety,NN,NN,NN,
4,14,and,CC,CC,CC,
4,15,support,NN,NN,NN,
4,16,on,IN,IN,IN,
4,17,social,JJ,JJ,JJ,
4,18,media,NNS,NNS,NNS,
4,19,at,IN,IN,IN,
4,20,https://988lifeline.org/,JJ,NN,,YES
4,21,help-someone-else,JJ,NN,,YES
4,22,/,JJ,SYM,,YES
4,23,safety-and-support-on-social-media,NN,NN,NN,
4,24,.,.,.,.,
5,0,All,DT,DT,DT,
5,1,studies,NNS,NNS,NNS,
5,2,were,VBD,VBD,VBD,
5,3,done,VBN,VBN,VBN,
5,4,in,IN,IN,IN,
5,5,HICs,NNP,NNS,,YES
5,6,.,.,.,.,
6,0,Further,JJ,JJ,JJ,
6,1,research,NN,NN,NN,
6,2,is,VBZ,VBZ,VBZ,
6,3,needed,VBN,VBN,VBN,
6,4,in,IN,IN,IN,
6,5,LMICs,NNP,NNS,,YES
6,6,.,.,.,.,
7,0,The,DT,DT,DT,
7,1,NHS,NNP,NNP,,YES
7,2,recommends,VBZ,VBZ,VBZ,
7,3,that,IN,IN,IN,
7,4,you,PRP,PRP,PRP,
7,5,do,VBP,VBP,VBP,
7,6,not,RB,RB,RB,
7,7,smoke,VB,VB,VB,
7,8,or,CC,CC,CC,
7,9,drink,VB,VB,VB,
7,10,alcohol,NN,NN,NN,
7,11,",",",",",",",",
7,12,tea,NN,NN,NN,
7,13,or,CC,CC,CC,
7,14,coffee,NN,NN,NN,
7,15,at,IN,RB,,YES
7,16,least,JJS,JJS,JJS,
7,17,6,CD,CD,CD,
7,18,hours,NNS,NNS,NNS,
7,19,before,IN,IN,IN,
7,20,going,VBG,VBG,VBG,
7,21,to,TO,IN,,YES
7,22,bed,VB,NN,,YES
7,23,.,.,.,.,
8,0,Although,IN,IN,IN,
8,1,ways,NNS,NNS,NNS,
8,2,to,TO,IN,,YES
8,3,self-harm,JJ,NN,,YES
8,4,safely,RB,RB,RB,
8,5,are,VBP,VBP,VBP,
8,6,often,RB,RB,RB,
8,7,considered,VBN,VBN,VBN,
8,8,a,DT,DT,DT,
8,9,harm,NN,NN,NN,
8,10,minimisation,NN,NN,NN,
8,11,strategy,NN,NN,NN,
8,12,",",",",",",",",
8,13,this,DT,DT,DT,
8,14,guideline,NN,NN,NN,
8,15,does,VBZ,VBZ,VBZ,
8,16,not,RB,RB,RB,
8,17,make,VB,VB,VB,
8,18,any,DT,DT,DT,
8,19,recommendations,NNS,NNS,NNS,
8,20,about,IN,IN,IN,
8,21,the,DT,DT,DT,
8,22,use,NN,NN,NN,
8,23,of,IN,IN,IN,
8,24,safer,JJR,JJR,JJR,
8,25,self-harm,NN,NN,,YES
8,26,.,.,.,.,
9,0,The,DT,DT,DT,
9,1,accurate,JJ,JJ,JJ,
9,2,diagnosis,NN,NN,NN,
9,3,of,IN,IN,IN,
9,4,panic,JJ,NN,,YES
9,5,disorder,NN,NN,NN,
9,6,is,VBZ,VBZ,VBZ,
9,7,central,JJ,JJ,JJ,
9,8,to,TO,IN,,YES
9,9,the,DT,DT,DT,
9,10,effective,JJ,JJ,JJ,
9,11,management,NN,NN,NN,
9,12,of,IN,IN,IN,
9,13,this,DT,DT,DT,
9,14,condition,NN,NN,NN,
9,15,.,.,.,.,
10,0,Further,JJ,JJ,JJ,
10,1,evidence,NN,NN,NN,
10,2,is,VBZ,VBZ,VBZ,
10,3,required,VBN,VBN,VBN,
10,4,to,TO,TO,TO,
10,5,conclude,VB,VB,VB,
10,6,whether,IN,IN,IN,
10,7,the,DT,DT,DT,
10,8,balance,NN,NN,NN,
10,9,of,IN,IN,IN,
10,10,effects,NNS,NNS,NNS,
10,11,differs,NNS,NNS,NNS,
10,12,between,IN,IN,IN,
10,13,baclofen,NN,NNP,,YES
10,14,and,CC,CC,CC,
10,15,acamprosate,NN,NN,,YES
10,16,or,CC,CC,CC,
10,17,naltrexone,NN,NN,,YES
10,18,.,.,.,.,
11,0,Further,JJ,JJ,JJ,
11,1,research,NN,NN,NN,
11,2,is,VBZ,VBZ,VBZ,
11,3,needed,VBN,VBN,VBN,
11,4,in,IN,IN,IN,
11,5,LMICs,NNP,NNS,,YES
11,6,.,.,.,.,
12,0,Some,DT,DT,DT,
12,1,types,NNS,NNS,NNS,
12,2,of,IN,IN,IN,
12,3,psychotherapy,NN,NN,NN,
12,4,target,NN,NN,NN,
12,5,PTSD,NNP,JJ,,YES
12,6,symptoms,NNS,NNS,NNS,
12,7,",",",",",",",",
12,8,while,IN,IN,IN,
12,9,others,NNS,NNS,NNS,
12,10,focus,VBP,VBP,VBP,
12,11,on,IN,IN,IN,
12,12,social,JJ,JJ,JJ,
12,13,",",",",",",",",
12,14,family,NN,NN,NN,
12,15,",",",",",",",",
12,16,or,CC,CC,CC,
12,17,job-related,JJ,JJ,JJ,
12,18,problems,NNS,NNS,NNS,
12,19,.,.,.,.,
13,0,For,IN,IN,IN,
13,1,guidance,NN,NN,NN,
13,2,on,IN,IN,IN,
13,3,how,WRB,WRB,WRB,
13,4,to,TO,TO,TO,
13,5,treat,VB,VB,VB,
13,6,coexisting,VBG,VBG,VBG,
13,7,conditions,NNS,NNS,NNS,
13,8,that,WDT,WDT,WDT,
13,9,may,MD,MD,MD,
13,10,be,VB,VB,VB,
13,11,related,VBN,VBN,VBN,
13,12,to,TO,IN,,YES
13,13,self-harm,NN,JJ,,YES
14,0,GAD,NNP,NNP,,YES
14,1,",",",",",",",",
14,2,with,IN,IN,IN,
14,3,some,DT,DT,DT,
14,4,women,NNS,NNS,NNS,
14,5,experiencing,VBG,VBG,VBG,
14,6,it,PRP,PRP,PRP,
14,7,during,IN,IN,IN,
14,8,pregnancy,NN,NN,NN,
14,9,and,CC,CC,CC,
14,10,the,DT,DT,DT,
14,11,postpartum,NN,JJ,,YES
14,12,period,NN,NN,NN,
14,13,.,.,.,.,
15,0,There,EX,EX,EX,
15,1,were,VBD,VBD,VBD,
15,2,limited,VBN,JJ,,YES
15,3,data,NNS,NNS,NNS,
15,4,on,IN,IN,IN,
15,5,psychological,JJ,JJ,JJ,
15,6,interventions,NNS,NNS,NNS,
15,7,other,JJ,JJ,JJ,
15,8,than,IN,IN,IN,
15,9,those,DT,DT,DT,
15,10,based,VBN,VBN,VBN,
15,11,on,IN,IN,IN,
15,12,principles,NNS,NNS,NNS,
15,13,of,IN,IN,IN,
15,14,CBT,NNP,NNP,,YES
15,15,.,.,.,.,
16,0,Learn,NNP,VB,,YES
16,1,more,JJR,JJR,JJR,
16,2,about,IN,IN,IN,
16,3,psychotherapy,NN,NN,NN,
16,4,at,IN,IN,IN,
16,5,www.nimh.nih.gov/psychotherapies,NNS,NNS,,YES
16,6,.,.,.,.,
17,0,Benzodiazepines,NNS,NNS,NNS,
17,1,are,VBP,VBP,VBP,
17,2,not,RB,RB,RB,
17,3,recommended,VBN,VBN,VBN,
17,4,for,IN,IN,IN,
17,5,the,DT,DT,DT,
17,6,treatment,NN,NN,NN,
17,7,of,IN,IN,IN,
17,8,adults,NNS,NNS,NNS,
17,9,with,IN,IN,IN,
17,10,generalized,JJ,JJ,JJ,
17,11,anxiety,NN,NN,NN,
17,12,disorder,NN,NN,NN,
17,13,(,(,(,(,
17,14,GAD,NNP,NNP,,YES
17,15,),),),),
17,16,and/or,VBZ,CC,,YES
17,17,panic,JJ,NN,,YES
17,18,disorder,NN,NN,NN,
17,19,.,.,.,.,
18,0,obsessive,JJ,JJ,JJ,
18,1,compulsive,JJ,JJ,JJ,
18,2,disorder,NN,NN,NN,
18,3,(,(,(,(,
18,4,OCD,NNP,NNP,,YES
18,5,),),),),
19,0,NIMH,NNP,NNP,,YES
19,1,supports,VBZ,VBZ,VBZ,
19,2,clinical,JJ,JJ,JJ,
19,3,trials,NNS,NNS,NNS,
19,4,across,IN,IN,IN,
19,5,the,DT,DT,DT,
19,6,United,NNP,NNP,NNP,
19,7,States,NNPS,NNP,,YES
19,8,.,.,.,.,
20,0,Symptoms,NNS,NNS,NNS,
20,1,of,IN,IN,IN,
20,2,PTSD,NNP,NNP,,YES
20,3,usually,RB,RB,RB,
20,4,begin,VBP,VBP,VBP,
20,5,within,IN,IN,IN,
20,6,3,CD,CD,CD,
20,7,months,NNS,NNS,NNS,
20,8,of,IN,IN,IN,
20,9,the,DT,DT,DT,
20,10,traumatic,JJ,JJ,JJ,
20,11,event,NN,NN,NN,
20,12,",",",",",",",",
20,13,but,CC,CC,CC,
20,14,they,PRP,PRP,PRP,
20,15,sometimes,RB,RB,RB,
20,16,emerge,VBP,VBP,VBP,
20,17,later,RB,RBR,,YES
20,18,.,.,.,.,
21,0,Follow,IN,VB,,YES
21,1,the,DT,DT,DT,
21,2,MHRA,NNP,NNP,NNP,
21,3,safety,NN,NN,NN,
21,4,advice,NN,NN,NN,
21,5,on,IN,IN,IN,
21,6,citalopram,NN,NN,,YES
21,7,.,.,.,.,
22,0,CBT,NNP,NNP,,YES
22,1,to,TO,TO,TO,
22,2,become,VB,VB,VB,
22,3,available,JJ,JJ,JJ,
22,4,in,IN,IN,IN,
22,5,routine,JJ,JJ,JJ,
22,6,practice,NN,NN,NN,
22,7,.,.,.,.,
23,0,Further,JJ,JJ,JJ,
23,1,research,NN,NN,NN,
23,2,is,VBZ,VBZ,VBZ,
23,3,needed,VBN,VBN,VBN,
23,4,in,IN,IN,IN,
23,5,LMICs,NNP,NNS,,YES
23,6,.,.,.,.,
24,0,The,DT,DT,DT,
24,1,medicine,NN,NN,NN,
24,2,choice,NN,NN,NN,
24,3,should,MD,MD,MD,
24,4,consider,VB,VB,VB,
24,5,",",",",",",",",
24,6,besides,IN,IN,IN,
24,7,effectiveness,NN,NN,NN,
24,8,",",",",",",",",
24,9,factors,NNS,NNS,NNS,
24,10,such,JJ,JJ,JJ,
24,11,as,IN,IN,IN,
24,12,demographic,JJ,JJ,JJ,
24,13,characteristics,NNS,NNS,NNS,
24,14,(,(,(,(,
24,15,e.g.,VB,RB,,YES
25,0,The,DT,DT,DT,
25,1,National,NNP,NNP,NNP,
25,2,Center,NNP,NNP,NNP,
25,3,for,IN,IN,IN,
25,4,PTSD,NNP,NNP,,YES
25,5,",",",",",",",",
25,6,a,DT,DT,DT,
25,7,program,NN,NN,NN,
25,8,of,IN,IN,IN,
25,9,the,DT,DT,DT,
25,10,U,NNP,NN,,YES
25,11,.,.,.,.,
25,12,S,NNP,NN,,YES
25,13,.,.,.,.,
25,14,Department,NNP,NNP,NNP,
25,15,of,IN,IN,IN,
25,16,Veterans,NNP,NNPS,,YES
26,0,EML,NNP,NNP,NNP,
26,1,",",",",",",",",
26,2,with,IN,IN,IN,
26,3,other,JJ,JJ,JJ,
26,4,SSRIs,NNP,NNS,,YES
26,5,listed,VBN,VBN,VBN,
26,6,as,IN,IN,IN,
26,7,alternatives,NNS,NNS,NNS,
26,8,(,(,(,(,
26,9,13,CD,CD,CD,
26,10,),),),),
26,11,.,.,.,.,
27,0,higher,JJR,JJR,JJR,
27,1,risks,NNS,NNS,NNS,
27,2,and,CC,CC,CC,
27,3,side-effects,NNS,NNS,NNS,
27,4,that,WDT,WDT,WDT,
27,5,may,MD,MD,MD,
27,6,be,VB,VB,VB,
27,7,associated,VBN,VBN,VBN,
27,8,with,IN,IN,IN,
27,9,pregnancy,NN,NN,NN,
27,10,or,CC,CC,CC,
27,11,older,JJR,JJR,JJR,
27,12,age,NN,NN,NN,
27,13,),),),),
27,14,",",",",",",",",
27,15,side-effects,JJ,JJ,JJ,
27,16,profiles,NNS,NNS,NNS,
27,17,(,(,(,(,
27,18,e.g.,VB,RB,,YES
28,0,Sedating,VBG,VBG,VBG,
28,1,antihistamines,NNS,NNS,NNS,
28,2,or,CC,CC,CC,
28,3,antipsychotics,NNS,NNS,NNS,
28,4,should,MD,MD,MD,
28,5,not,RB,RB,RB,
28,6,be,VB,VB,VB,
28,7,prescribed,VBN,VBN,VBN,
28,8,for,IN,IN,IN,
28,9,the,DT,DT,DT,
28,10,treatment,NN,NN,NN,
28,11,of,IN,IN,IN,
28,12,panic,JJ,NN,,YES
28,13,disorder,NN,NN,NN,
28,14,.,.,.,.,
29,0,NIMH,NNP,JJ,,YES
29,1,website,JJ,NN,,YES
29,2,www.nimh.nih.gov,NN,NNP,,YES
29,3,www.nimh.nih.gov/espanol,NN,NN,,YES
29,4,(,(,(,(,
29,5,en,JJ,FW,,YES
29,6,espa,FW,NN,,YES
29,7,ol,NN,NNP,,YES
29,8,),),),),
30,0,Further,RB,JJ,,YES
30,1,research,NN,NN,NN,
30,2,on,IN,IN,IN,
30,3,disulfiram,NN,NNP,,YES
30,4,is,VBZ,VBZ,VBZ,
30,5,required,VBN,VBN,VBN,
30,6,.,.,.,.,
31,0,Care,NN,NN,NN,
31,1,managers,NNS,NNS,NNS,
31,2,often,RB,RB,RB,
31,3,also,RB,RB,RB,
31,4,facilitate,JJ,VBP,,YES
31,5,access,NN,NN,NN,
31,6,to,TO,IN,,YES
31,7,community,NN,NN,NN,
31,8,resources,NNS,NNS,NNS,
31,9,where,WRB,WRB,WRB,
31,10,indicated,VBN,VBN,VBN,
31,11,(,(,(,(,
31,12,e.g.,NN,RB,,YES
32,0,However,RB,RB,RB,
32,1,",",",",",",",",
32,2,the,DT,DT,DT,
32,3,NHS,NNP,NNP,,YES
32,4,advises,VBZ,VBZ,VBZ,
32,5,avoiding,VBG,VBG,VBG,
32,6,exercise,NN,NN,NN,
32,7,in,IN,IN,IN,
32,8,the,DT,DT,DT,
32,9,4,CD,CD,CD,
32,10,hours,NNS,NNS,NNS,
32,11,before,IN,IN,IN,
32,12,bed,NN,NN,NN,
32,13,",",",",",",",",
32,14,so,RB,RB,RB,
32,15,try,VB,VB,VB,
32,16,to,TO,TO,TO,
32,17,be,VB,VB,VB,
32,18,active,JJ,JJ,JJ,
32,19,in,IN,IN,IN,
32,20,the,DT,DT,DT,
32,21,morning,NN,NN,NN,
32,22,or,CC,CC,CC,
32,23,early,JJ,JJ,JJ,
32,24,afternoon,NN,NN,NN,
32,25,instead,RB,RB,RB,
32,26,.,.,.,.,
33,0,Psychosocial,JJ,JJ,JJ,
33,1,interventions,NNS,NNS,NNS,
33,2,for,IN,IN,IN,
33,3,alcohol,NN,NN,NN,
33,4,dependence,NN,NN,NN,
33,5,should,MD,MD,MD,
33,6,be,VB,VB,VB,
33,7,considered,VBN,VBN,VBN,
33,8,in,IN,IN,IN,
33,9,conjunction,NN,NN,NN,
33,10,with,IN,IN,IN,
33,11,other,JJ,JJ,JJ,
33,12,modalities,NNS,NNS,NNS,
33,13,of,IN,IN,IN,
33,14,treatment,NN,NN,NN,
33,15,(,(,(,(,
33,16,i.e.,JJ,FW,,YES
34,0,The,DT,DT,DT,
34,1,combination,NN,NN,NN,
34,2,of,IN,IN,IN,
34,3,depot,NN,JJ,,YES
34,4,naltrexone,NN,NN,,YES
34,5,and,CC,CC,CC,
34,6,bupropion,NN,NN,NN,
34,7,had,VBD,VBD,VBD,
34,8,a,DT,DT,DT,
34,9,small,JJ,JJ,JJ,
34,10,but,CC,CC,CC,
34,11,statistically,JJ,RB,,YES
34,12,significant,JJ,JJ,JJ,
34,13,impact,NN,NN,NN,
34,14,on,IN,IN,IN,
34,15,methamphetamine,NN,NN,NN,
34,16,use,NN,NN,NN,
34,17,in,IN,IN,IN,
34,18,a,DT,DT,DT,
34,19,recent,JJ,JJ,JJ,
34,20,trial,NN,NN,NN,
34,21,.,.,.,.,
35,0,GAD,NNP,NNP,,YES
35,1,usually,RB,RB,RB,
35,2,involves,VBZ,VBZ,VBZ,
35,3,a,DT,DT,DT,
35,4,persistent,JJ,JJ,JJ,
35,5,feeling,NN,NN,NN,
35,6,of,IN,IN,IN,
35,7,anxiety,NN,NN,NN,
35,8,or,CC,CC,CC,
35,9,dread,NN,NN,NN,
35,10,that,WDT,WDT,WDT,
35,11,interferes,VBZ,VBZ,VBZ,
35,12,with,IN,IN,IN,
35,13,how,WRB,WRB,WRB,
35,14,you,PRP,PRP,PRP,
35,15,live,VBP,VBP,VBP,
35,16,your,PRP$,PRP$,PRP$,
35,17,life,NN,NN,NN,
35,18,.,.,.,.,
36,0,The,DT,DT,DT,
36,1,decision,NN,NN,NN,
36,2,to,TO,TO,TO,
36,3,use,VB,VB,VB,
36,4,acamprosate,NN,NN,,YES
36,5,",",",",",",",",
36,6,disulfiram,NN,NNP,,YES
36,7,or,CC,CC,CC,
36,8,naltrexone,NN,NN,,YES
36,9,should,MD,MD,MD,
36,10,be,VB,VB,VB,
36,11,made,VBN,VBN,VBN,
36,12,taking,VBG,VBG,VBG,
36,13,into,IN,IN,IN,
36,14,consideration,NN,NN,NN,
36,15,harms,NNS,NNS,NNS,
36,16,and,CC,CC,CC,
36,17,benefits,NNS,NNS,NNS,
36,18,",",",",",",",",
36,19,availability,NN,NN,NN,
36,20,and,CC,CC,CC,
36,21,individual,JJ,JJ,JJ,
36,22,preference,NN,NN,NN,
36,23,.,.,.,.,
37,0,Brief,JJ,JJ,JJ,
37,1,intervention,NN,NN,NN,
37,2,programmes,NNS,NNS,NNS,
37,3,are,VBP,VBP,VBP,
37,4,suitable,JJ,JJ,JJ,
37,5,for,IN,IN,IN,
37,6,LMICs,NNP,NNS,,YES
37,7,.,.,.,.,
38,0,Suicide,NNP,NN,,YES
38,1,is,VBZ,VBZ,VBZ,
38,2,the,DT,DT,DT,
38,3,third,JJ,JJ,JJ,
38,4,leading,JJ,VBG,,YES
38,5,cause,NN,NN,NN,
38,6,of,IN,IN,IN,
38,7,death,NN,NN,NN,
38,8,in,IN,IN,IN,
38,9,15–29,CD,CD,,YES
38,10,-,:,:,:,
38,11,year-olds,NNS,NNS,NNS,
38,12,.,.,.,.,
39,0,The,DT,DT,DT,
39,1,term,NN,NN,NN,
39,2,"""",NNP,``,,YES
39,3,alcohol,NN,NN,NN,
39,4,dependence,NN,NN,NN,
39,5,"""",NN,'',,YES
39,6,refers,NNS,VBZ,,YES
39,7,to,TO,IN,,YES
39,8,diagnosis,VB,NN,,YES
39,9,according,VBG,VBG,VBG,
39,10,to,TO,IN,,YES
39,11,the,DT,DT,DT,
39,12,ICD-10,NNP,NNP,,YES
39,13,or,CC,CC,CC,
39,14,DSM-IV,NNP,JJ,,YES
39,15,criteria,NNS,NNS,NNS,
39,16,or,CC,CC,CC,
39,17,equivalent,JJ,JJ,JJ,
39,18,ICD-11,JJ,NNP,,YES
39,19,and,CC,CC,CC,
39,20,DSM-5,JJ,NNP,,YES
39,21,diagnosis,NN,NN,NN,
39,22,.,.,.,.,
40,0,Feltz-Cornelis,JJ,JJ,JJ,
40,1,et,NN,NNP,,YES
40,2,al,NN,NNP,,YES
40,3,.,.,NNP,,YES
40,4,",",",",",",",",
40,5,2021,CD,CD,CD,
40,6,(,(,(,(,
40,7,8,CD,CD,CD,
40,8,RCTs,NNP,NNS,,YES
40,9,on,IN,IN,IN,
40,10,long-term,JJ,JJ,JJ,
40,11,outcomes,NNS,NNS,NNS,
40,12,for,IN,IN,IN,
40,13,adults,NNS,NNS,NNS,
40,14,with,IN,IN,IN,
40,15,anxiety,NN,NN,NN,
40,16,disorders,NNS,NNS,NNS,
40,17,following,VBG,VBG,VBG,
40,18,benzodiazepine,NN,NN,NN,
40,19,use,NN,NN,NN,
40,20,),),),),
40,21,(,(,(,(,
40,22,50,CD,CD,CD,
40,23,),),),),
40,24,.,.,.,.,
41,0,supporting,VBG,VBG,VBG,
41,1,people,NNS,NNS,NNS,
41,2,to,TO,TO,TO,
41,3,be,VB,VB,VB,
41,4,safe,JJ,JJ,JJ,
41,5,after,IN,IN,IN,
41,6,self-harm,NN,JJ,,YES
41,7,.,.,.,.,
42,0,Adults,NNS,NNS,NNS,
42,1,with,IN,IN,IN,
42,2,GAD,NNP,NNP,,YES
42,3,are,VBP,VBP,VBP,
42,4,often,RB,RB,RB,
42,5,highly,RB,RB,RB,
42,6,nervous,JJ,JJ,JJ,
42,7,about,IN,IN,IN,
42,8,everyday,JJ,JJ,JJ,
42,9,circumstances,NNS,NNS,NNS,
42,10,",",",",",",",",
42,11,such,JJ,JJ,JJ,
42,12,as,IN,IN,IN,
42,13,:,:,:,:,
43,0,The,DT,DT,DT,
43,1,term,NN,NN,NN,
43,2,"""",NNP,'',,YES
43,3,cocaine,NN,NN,NN,
43,4,or,CC,CC,CC,
43,5,stimulant,NN,JJ,,YES
43,6,use,NN,NN,NN,
43,7,disorders,NNS,NNS,NNS,
43,8,"""",VBP,'',,YES
43,9,refers,NNS,VBZ,,YES
43,10,to,TO,IN,,YES
43,11,diagnosis,VB,NN,,YES
43,12,according,VBG,VBG,VBG,
43,13,to,TO,IN,,YES
43,14,the,DT,DT,DT,
43,15,ICD-10,NNP,NNP,,YES
43,16,",",",",",",",",
43,17,DSM-IV,NNP,VBD,,YES
43,18,criteria,NNS,NNS,NNS,
43,19,or,CC,CC,CC,
43,20,equivalent,JJ,JJ,JJ,
43,21,ICD-11,JJ,NNP,,YES
43,22,and,CC,CC,CC,
43,23,DSM-5,JJ,NNP,,YES
43,24,diagnosis,NN,NN,NN,
43,25,.,.,.,.,
44,0,some,DT,DT,DT,
44,1,other,JJ,JJ,JJ,
44,2,medicines,NNS,NNS,NNS,
44,3,–,IN,:,,YES
44,4,including,VBG,VBG,VBG,
44,5,non-steroidal,JJ,JJ,JJ,
44,6,anti-inflammatory,JJ,JJ,JJ,
44,7,drugs,NNS,NNS,NNS,
44,8,(,(,(,(,
44,9,NSAIDs,NNP,NNS,,YES
44,10,),),),),
44,11,",",",",",",",",
44,12,and,CC,CC,CC,
44,13,other,JJ,JJ,JJ,
44,14,antidepressants,NNS,NNS,NNS,
45,0,The,DT,DT,DT,
45,1,Interagency,NNP,NNP,NNP,
45,2,health,NN,NN,NN,
45,3,kit,NN,NN,NN,
45,4,2017,CD,CD,CD,
45,5,includes,VBZ,VBZ,VBZ,
45,6,fluoxetine,NN,NN,,YES
45,7,(,(,(,(,
45,8,133,CD,CD,CD,
45,9,),),),),
45,10,.,.,.,.,
46,0,For,IN,IN,IN,
46,1,additional,JJ,JJ,JJ,
46,2,resources,NNS,NNS,NNS,
46,3,",",",",",",",",
46,4,visit,NN,VB,,YES
46,5,www.nimh.nih.gov/findhelp,NN,NN,,YES
46,6,.,.,.,.,
47,0,There,EX,EX,EX,
47,1,were,VBD,VBD,VBD,
47,2,no,DT,DT,DT,
47,3,significant,JJ,JJ,JJ,
47,4,differences,NNS,NNS,NNS,
47,5,between,IN,IN,IN,
47,6,CBT,NNP,NNP,,YES
47,7,",",",",",",",",
48,0,For,IN,IN,IN,
48,1,more,JJR,JJR,JJR,
48,2,information,NN,NN,NN,
48,3,",",",",",",",",
48,4,visit,NN,VB,,YES
48,5,www.nimh.nih.gov/clinicaltrials,NNS,NNS,,YES
48,6,.,.,.,.,
49,0,Step,NN,NN,NN,
49,1,3,CD,CD,CD,
49,2,for,IN,IN,IN,
49,3,people,NNS,NNS,NNS,
49,4,with,IN,IN,IN,
49,5,panic,JJ,NN,,YES
49,6,disorder,NN,NN,NN,
49,7,:,:,:,:,
49,8,review,NN,VB,,YES
49,9,and,CC,CC,CC,
49,10,offer,VBP,VB,,YES
49,11,alternative,JJ,JJ,JJ,
49,12,treatment,NN,NN,NN,
49,13,if,IN,IN,IN,
49,14,appropriate,JJ,JJ,JJ,
