query_id,doc_id,relevant
Q01,D01,0
Q01,D02,1
Q01,D03,0
Q01,D04,1
Q01,D06,0
Q01,D07,0
Q01,D08,1
Q01,D09,0
Q01,D10,0
Q01,D11,0
Q01,D12,0
Q01,D13,0
Q01,D14,0
Q01,D16,1
Q01,D17,0
Q01,D24,0
Q01,D25,0
Q02,D01,0
Q02,D02,1
Q02,D03,0
Q02,D04,1
Q02,D06,0
Q02,D07,0
Q02,D08,0
Q02,D09,0
Q02,D10,0
Q02,D11,0
Q02,D12,0
Q02,D13,0
Q02,D14,0
Q02,D16,0
Q02,D17,0
Q02,D24,0
Q02,D25,0
Q03,D01,0
Q03,D02,1
Q03,D03,0
Q03,D04,1
Q03,D06,0
Q03,D07,0
Q03,D08,1
Q03,D09,0
Q03,D10,0
Q03,D11,0
Q03,D12,0
Q03,D13,0
Q03,D14,0
Q03,D16,0
Q03,D17,0
Q03,D24,0
Q03,D25,0
Q04,D01,1
Q04,D02,1
Q04,D03,0
Q04,D04,1
Q04,D06,0
Q04,D07,0
Q04,D08,1
Q04,D09,0
Q04,D10,0
Q04,D11,0
Q04,D12,0
Q04,D13,0
Q04,D14,1
Q04,D16,0
Q04,D17,0
Q04,D24,0
Q04,D25,0
Q05,D01,0
Q05,D02,1
Q05,D03,0
Q05,D04,1
Q05,D06,0
Q05,D07,0
Q05,D08,0
Q05,D09,0
Q05,D10,0
Q05,D11,0
Q05,D12,0
Q05,D13,0
Q05,D14,1
Q05,D16,0
Q05,D17,0
Q05,D24,0
Q05,D25,0
Q06,D01,0
Q06,D02,0
Q06,D03,0
Q06,D04,0
Q06,D06,0
Q06,D07,0
Q06,D08,0
Q06,D09,0
Q06,D10,0
Q06,D11,0
Q06,D12,0
Q06,D13,0
Q06,D14,0
Q06,D16,0
Q06,D17,0
Q06,D24,1
Q06,D25,0
Q07,D01,0
Q07,D02,0
Q07,D03,1
Q07,D04,0
Q07,D06,0
Q07,D07,0
Q07,D08,0
Q07,D09,0
Q07,D10,0
Q07,D11,1
Q07,D12,0
Q07,D13,0
Q07,D14,0
Q07,D16,0
Q07,D17,0
Q07,D24,0
Q07,D25,0
Q08,D01,1
Q08,D02,0
Q08,D03,0
Q08,D04,0
Q08,D06,1
Q08,D07,1
Q08,D08,0
Q08,D09,0
Q08,D10,0
Q08,D11,0
Q08,D12,0
Q08,D13,0
Q08,D14,0
Q08,D16,0
Q08,D17,0
Q08,D24,0
Q08,D25,0
Q09,D01,0
Q09,D02,0
Q09,D03,0
Q09,D04,0
Q09,D06,0
Q09,D07,0
Q09,D08,0
Q09,D09,0
Q09,D10,0
Q09,D11,0
Q09,D12,0
Q09,D13,0
Q09,D14,0
Q09,D16,0
Q09,D17,1
Q09,D24,0
Q09,D25,0
Q10,D01,0
Q10,D02,0
Q10,D03,0
Q10,D04,0
Q10,D06,0
Q10,D07,0
Q10,D08,0
Q10,D09,1
Q10,D10,0
Q10,D11,0
Q10,D12,0
Q10,D13,0
Q10,D14,0
Q10,D16,0
Q10,D17,0
Q10,D24,0
Q10,D25,0
Q11,D01,0
Q11,D02,0
Q11,D03,0
Q11,D04,0
Q11,D06,0
Q11,D07,1
Q11,D08,1
Q11,D09,1
Q11,D10,1
Q11,D11,1
Q11,D12,0
Q11,D13,1
Q11,D14,1
Q11,D16,1
Q11,D17,0
Q11,D24,0
Q11,D25,0
Q12,D01,0
Q12,D02,0
Q12,D03,0
Q12,D04,0
Q12,D06,0
Q12,D07,0
Q12,D08,0
Q12,D09,0
Q12,D10,0
Q12,D11,0
Q12,D12,1
Q12,D13,0
Q12,D14,0
Q12,D16,0
Q12,D17,0
Q12,D24,0
Q12,D25,0
Q13,D01,0
Q13,D02,0
Q13,D03,0
Q13,D04,0
Q13,D06,0
Q13,D07,0
Q13,D08,0
Q13,D09,0
Q13,D10,0
Q13,D11,0
Q13,D12,0
Q13,D13,1
Q13,D14,0
Q13,D16,0
Q13,D17,0
Q13,D24,0
Q13,D25,0
Q14,D01,0
Q14,D02,0
Q14,D03,0
Q14,D04,0
Q14,D06,0
Q14,D07,0
Q14,D08,0
Q14,D09,0
Q14,D10,0
Q14,D11,0
Q14,D12,0
Q14,D13,0
Q14,D14,0
Q14,D16,0
Q14,D17,0
Q14,D24,0
Q14,D25,1
