ID,Problem,Target,Input,NLTK,NLTK OK,spaCy,spaCy OK,Custom,Custom OK,Hybrid,Hybrid OK
P1,hyphenated compound,self-harm,"－ the likelihood of deliberate self-harm, by overdose or otherwise (the","－ | the | likelihood | of | deliberate | self-harm | , | by | overdose | or | otherwise | ( | the",True,"－ | the | likelihood | of | deliberate | self | - | harm | , | by | overdose | or | otherwise | ( | the",False,"－ | the | likelihood | of | deliberate | self-harm | , | by | overdose | or | otherwise | ( | the",True,"－ | the | likelihood | of | deliberate | self-harm | , | by | overdose | or | otherwise | ( | the",True
P2,non-breaking hyphen,12‑week,or there is no improvement after a 12‑week course and if a further medication is,or | there | is | no | improvement | after | a | 12‑week | course | and | if | a | further | medication | is,False,or | there | is | no | improvement | after | a | 12‑week | course | and | if | a | further | medication | is,False,or | there | is | no | improvement | after | a | 12-week | course | and | if | a | further | medication | is,True,or | there | is | no | improvement | after | a | 12-week | course | and | if | a | further | medication | is,True
P3,numeric range,6–12,most effective in the initial 6–12 months and should only be continued,most | effective | in | the | initial | 6 | – | 12 | months | and | should | only | be | continued,False,most | effective | in | the | initial | 6–12 | months | and | should | only | be | continued,True,most | effective | in | the | initial | 6–12 | months | and | should | only | be | continued,True,most | effective | in | the | initial | 6–12 | months | and | should | only | be | continued,True
P4,recommendation ID,1.2.30,"demonstrated. Also see recommendation 1.2.30 on SSRIs and SNRIs. [2004, amended","demonstrated | . | Also | see | recommendation | 1.2.30 | on | SSRIs | and | SNRIs | . | [ | 2004 | , | amended",True,"demonstrated | . | Also | see | recommendation | 1.2.30 | on | SSRIs | and | SNRIs | . | [ | 2004 | , | amended",True,"demonstrated | . | Also | see | recommendation | 1.2.30 | on | SSRIs | and | SNRIs | . | [ | 2004 | , | amended",True,"demonstrated | . | Also | see | recommendation | 1.2.30 | on | SSRIs | and | SNRIs | . | [ | 2004 | , | amended",True
P5,classification code,DSM-IV,"mental disorders (27), 4th edition (DSM-IV) criteria or equivalent ICD-11 (28)","mental | disorders | ( | 27 | ) | , | 4th | edition | ( | DSM-IV | ) | criteria | or | equivalent | ICD-11 | ( | 28 | )",True,"mental | disorders | ( | 27 | ) | , | 4th | edition | ( | DSM | - | IV | ) | criteria | or | equivalent | ICD-11 | ( | 28 | )",False,"mental | disorders | ( | 27 | ) | , | 4th | edition | ( | DSM-IV | ) | criteria | or | equivalent | ICD-11 | ( | 28 | )",True,"mental | disorders | ( | 27 | ) | , | 4th | edition | ( | DSM-IV | ) | criteria | or | equivalent | ICD-11 | ( | 28 | )",True
P6,URL / web address,https://findtreatment.gov,"health services in your area at https://findtreatment.gov. For additional resources, visit","health | services | in | your | area | at | https | : | //findtreatment.gov | . | For | additional | resources | , | visit",False,"health | services | in | your | area | at | https://findtreatment.gov | . | For | additional | resources | , | visit",True,"health | services | in | your | area | at | https://findtreatment.gov | . | For | additional | resources | , | visit",True,"health | services | in | your | area | at | https://findtreatment.gov | . | For | additional | resources | , | visit",True
P7,helpline number,1-800-662-4357,"Administration's National Helpline at 1-800-662-4357, visit their website at","Administration | 's | National | Helpline | at | 1-800-662-4357 | , | visit | their | website | at",True,"Administration | 's | National | Helpline | at | 1 | - | 800 | - | 662 | - | 4357 | , | visit | their | website | at",False,"Administration's | National | Helpline | at | 1-800-662-4357 | , | visit | their | website | at",True,"Administration | 's | National | Helpline | at | 1-800-662-4357 | , | visit | their | website | at",True
P8,negative contraction,doesn't,depression occurs when a person doesn't get better after trying at least two,depression | occurs | when | a | person | does | n't | get | better | after | trying | at | least | two,False,depression | occurs | when | a | person | does | n't | get | better | after | trying | at | least | two,False,depression | occurs | when | a | person | does | not | get | better | after | trying | at | least | two,True,depression | occurs | when | a | person | does | not | get | better | after | trying | at | least | two,True
P9,slash term,discontinuation/withdrawal,of treatment) and of the risk of discontinuation/withdrawal symptoms if the treatment is stopped,of | treatment | ) | and | of | the | risk | of | discontinuation/withdrawal | symptoms | if | the | treatment | is | stopped,True,of | treatment | ) | and | of | the | risk | of | discontinuation | / | withdrawal | symptoms | if | the | treatment | is | stopped,False,of | treatment | ) | and | of | the | risk | of | discontinuation/withdrawal | symptoms | if | the | treatment | is | stopped,True,of | treatment | ) | and | of | the | risk | of | discontinuation/withdrawal | symptoms | if | the | treatment | is | stopped,True
P10,abbreviation with dots,e.g.,"where health workers are competent (e.g. qualified, trained and supervised) to","where | health | workers | are | competent | ( | e.g | . | qualified | , | trained | and | supervised | ) | to",False,"where | health | workers | are | competent | ( | e.g. | qualified | , | trained | and | supervised | ) | to",True,"where | health | workers | are | competent | ( | e.g. | qualified | , | trained | and | supervised | ) | to",True,"where | health | workers | are | competent | ( | e.g. | qualified | , | trained | and | supervised | ) | to",True
